{
	"type": "origins:active_self",
	"entity_action": {
		"type": "origins:if_else",
		"condition": {
			"type": "origins:status_effect",
			"effect": "minecraft:invisibility"
		},
		"if_action": {
			"type": "origins:clear_effect",
			"effect": "minecraft:invisibility"
		},
		"else_action": {
			"type": "origins:if_else",
			"condition": {
				"type": "origins:in_rain",
				"inverted": true
			},
			"if_action": {
				"type": "origins:apply_effect",
				"effect": {
					"effect": "minecraft:invisibility",
					"is_ambient": true,
					"show_particles": false,
					"show_icon": false,
					"duration": 10000
				}
			}
		}
	},
	"cooldown": 0,
	"key": {
        "key": "key.origins.primary_active",
        "continuous": false
    },
	"hud_render": {
		"should_render": false
		
	},
	"name": "Camouflage",
	"description": "Press G to camouflage into your surroundings."
}